{"cameraMode":{"drawMode":0,"name":"Shaded","section":"Shading Mode"},"sceneLighting":true,"audioPlay":false,"sceneViewState":{"m_AlwaysRefresh":false,"showFog":true,"showSkybox":true,"showFlares":true,"showImageEffects":true,"showParticleSystems":true,"showVisualEffectGraphs":true,"m_FxEnabled":true},"in2DMode":false,"pivot":{"x":5.136673927307129,"y":-4.002737998962402,"z":8.791358947753907},"rotation":{"x":0.4557657837867737,"y":0.022693157196044923,"z":-0.011624627746641636,"w":0.8897355794906616},"size":17.593822479248048,"orthographic":false}