{"cameraMode":{"drawMode":0,"name":"Shaded","section":"Shading Mode"},"sceneLighting":false,"audioPlay":false,"sceneViewState":{"m_AlwaysRefresh":false,"showFog":true,"showSkybox":false,"showFlares":true,"showImageEffects":true,"showParticleSystems":true,"showVisualEffectGraphs":true,"m_FxEnabled":true},"in2DMode":false,"pivot":{"x":1.4419562816619874,"y":-0.27126121520996096,"z":3.1784214973449709},"rotation":{"x":0.5454172492027283,"y":-0.005028922110795975,"z":0.003272541332989931,"w":0.8381435871124268},"size":5.831931114196777,"orthographic":false}