{"cameraMode":{"drawMode":0,"name":"Shaded","section":"Shading Mode"},"sceneLighting":false,"audioPlay":false,"sceneViewState":{"m_AlwaysRefresh":false,"showFog":true,"showSkybox":false,"showFlares":true,"showImageEffects":true,"showParticleSystems":true,"showVisualEffectGraphs":true,"m_FxEnabled":true},"in2DMode":false,"pivot":{"x":-5.960464477539063e-8,"y":0.5000002384185791,"z":-2.980232238769531e-7},"rotation":{"x":0.48630717396736147,"y":0.010485062375664711,"z":-0.005836000200361013,"w":0.8737068772315979},"size":0.8660255670547485,"orthographic":false}