{"cameraMode":{"drawMode":0,"name":"Shaded","section":"Shading Mode"},"sceneLighting":false,"audioPlay":false,"sceneViewState":{"m_AlwaysRefresh":false,"showFog":true,"showSkybox":false,"showFlares":true,"showImageEffects":true,"showParticleSystems":true,"showVisualEffectGraphs":true,"m_FxEnabled":true},"in2DMode":false,"pivot":{"x":-0.16339345276355744,"y":0.04861283302307129,"z":0.262626051902771},"rotation":{"x":0.33337274193763735,"y":-0.00989910401403904,"z":0.0035005395766347648,"w":0.9427371621131897},"size":0.995673656463623,"orthographic":false}